[
  {
    "name": "Target Dummy",
    "championId": "TFT_TrainingDummy",
    "cost": 2,
    "traits": []
  },
  {
    "name": "Aatrox",
    "championId": "TFT5_Aatrox",
    "cost": 1,
    "traits": [
      "Set5_Redeemed",
      "Set5_Legionnaire"
    ]
  },
  {
    "name": "Akshan",
    "championId": "TFT5_Akshan",
    "cost": 5,
    "traits": [
      "Set5_Sentinel",
      "Set5_Ranger"
    ]
  },
  {
    "name": "Aphelios",
    "championId": "TFT5_Aphelios",
    "cost": 4,
    "traits": [
      "Set5_Nightbringer",
      "Set5_Ranger"
    ]
  },
  {
    "name": "Ashe",
    "championId": "TFT5_Ashe",
    "cost": 3,
    "traits": [
      "Set5_Draconic",
      "Set5_Ranger"
    ]
  },
  {
    "name": "Brand",
    "championId": "TFT5_Brand",
    "cost": 2,
    "traits": [
      "Set5_Abomination",
      "Set5_Spellweaver"
    ]
  },
  {
    "name": "Diana",
    "championId": "TFT5_Diana",
    "cost": 4,
    "traits": [
      "Set5_Nightbringer",
      "Set5_Assassin"
    ]
  },
  {
    "name": "Draven",
    "championId": "TFT5_Draven",
    "cost": 4,
    "traits": [
      "Set5_Forgotten",
      "Set5_Legionnaire"
    ]
  },
  {
    "name": "Fiddlesticks",
    "championId": "TFT5_Fiddlesticks",
    "cost": 4,
    "traits": [
      "Set5_Abomination",
      "Set5_Revenant",
      "Set5_Mystic"
    ]
  },
  {
    "name": "Galio",
    "championId": "TFT5_Galio",
    "cost": 4,
    "traits": [
      "Set5_Draconic",
      "Set5_Sentinel",
      "Set5_Knight"
    ]
  },
  {
    "name": "Garen",
    "championId": "TFT5_Garen",
    "cost": 5,
    "traits": [
      "Set5_Victorious",
      "Set5_Dawnbringer",
      "Set5_Knight"
    ]
  },
  {
    "name": "Gragas",
    "championId": "TFT5_Gragas",
    "cost": 1,
    "traits": [
      "Set5_Dawnbringer",
      "Set5_Brawler"
    ]
  },
  {
    "name": "Gwen",
    "championId": "TFT5_Gwen",
    "cost": 5,
    "traits": [
      "Set5_Inanimate",
      "Set5_Mystic"
    ]
  },
  {
    "name": "Hecarim",
    "championId": "TFT5_Hecarim",
    "cost": 2,
    "traits": [
      "Set5_Forgotten",
      "Set5_Cavalier"
    ]
  },
  {
    "name": "Heimerdinger",
    "championId": "TFT5_Heimerdinger",
    "cost": 5,
    "traits": [
      "Set5_Draconic",
      "Set5_Renewer",
      "Set5_Caretaker"
    ]
  },
  {
    "name": "Ivern",
    "championId": "TFT5_Ivern",
    "cost": 4,
    "traits": [
      "Set5_Revenant",
      "Set5_Invoker",
      "Set5_Renewer"
    ]
  },
  {
    "name": "Irelia",
    "championId": "TFT5_Irelia",
    "cost": 2,
    "traits": [
      "Set5_Sentinel",
      "Set5_Skirmisher",
      "Set5_Legionnaire"
    ]
  },
  {
    "name": "Jax",
    "championId": "TFT5_Jax",
    "cost": 4,
    "traits": [
      "Set5_Ironclad",
      "Set5_Skirmisher"
    ]
  },
  {
    "name": "Kalista",
    "championId": "TFT5_Kalista",
    "cost": 1,
    "traits": [
      "Set5_Abomination",
      "Set5_Legionnaire"
    ]
  },
  {
    "name": "Karma",
    "championId": "TFT5_Karma",
    "cost": 4,
    "traits": [
      "Set5_Dawnbringer",
      "Set5_Invoker"
    ]
  },
  {
    "name": "Kayle",
    "championId": "TFT5_Kayle",
    "cost": 5,
    "traits": [
      "Set5_Redeemed",
      "Set5_Legionnaire"
    ]
  },
  {
    "name": "Kennen",
    "championId": "TFT5_Kennen",
    "cost": 2,
    "traits": [
      "Set5_Hellion",
      "Set5_Skirmisher"
    ]
  },
  {
    "name": "Kha'Zix",
    "championId": "TFT5_Khazix",
    "cost": 1,
    "traits": [
      "Set5_Dawnbringer",
      "Set5_Assassin"
    ]
  },
  {
    "name": "Kled",
    "championId": "TFT5_Kled",
    "cost": 1,
    "traits": [
      "Set5_Hellion",
      "Set5_Cavalier"
    ]
  },
  {
    "name": "Lee Sin",
    "championId": "TFT5_LeeSin",
    "cost": 3,
    "traits": [
      "Set5_Nightbringer",
      "Set5_Skirmisher"
    ]
  },
  {
    "name": "Leona",
    "championId": "TFT5_Leona",
    "cost": 1,
    "traits": [
      "Set5_Redeemed",
      "Set5_Knight"
    ]
  },
  {
    "name": "Lucian",
    "championId": "TFT5_Lucian",
    "cost": 4,
    "traits": [
      "Set5_Sentinel",
      "Set5_Cannoneer"
    ]
  },
  {
    "name": "Lulu",
    "championId": "TFT5_Lulu",
    "cost": 3,
    "traits": [
      "Set5_Hellion",
      "Set5_Mystic"
    ]
  },
  {
    "name": "Lux",
    "championId": "TFT5_Lux",
    "cost": 3,
    "traits": [
      "Set5_Redeemed",
      "Set5_Mystic"
    ]
  },
  {
    "name": "Miss Fortune",
    "championId": "TFT5_MissFortune",
    "cost": 3,
    "traits": [
      "Set5_Forgotten",
      "Set5_Cannoneer"
    ]
  },
  {
    "name": "Nautilus",
    "championId": "TFT5_Nautilus",
    "cost": 2,
    "traits": [
      "Set5_Ironclad",
      "Set5_Knight"
    ]
  },
  {
    "name": "Nidalee",
    "championId": "TFT5_Nidalee",
    "cost": 3,
    "traits": [
      "Set5_Dawnbringer",
      "Set5_Skirmisher"
    ]
  },
  {
    "name": "Nocturne",
    "championId": "TFT5_Nocturne",
    "cost": 3,
    "traits": [
      "Set5_Revenant",
      "Set5_Assassin"
    ]
  },
  {
    "name": "Nunu",
    "championId": "TFT5_Nunu",
    "cost": 3,
    "traits": [
      "Set5_Abomination",
      "Set5_Brawler"
    ]
  },
  {
    "name": "Olaf",
    "championId": "TFT5_Olaf",
    "cost": 1,
    "traits": [
      "Set5_Sentinel",
      "Set5_Skirmisher"
    ]
  },
  {
    "name": "Poppy",
    "championId": "TFT5_Poppy",
    "cost": 1,
    "traits": [
      "Set5_Hellion",
      "Set5_Knight"
    ]
  },
  {
    "name": "Pyke",
    "championId": "TFT5_Pyke",
    "cost": 2,
    "traits": [
      "Set5_Sentinel",
      "Set5_Assassin"
    ]
  },
  {
    "name": "Rakan",
    "championId": "TFT5_Rakan",
    "cost": 3,
    "traits": [
      "Set5_Sentinel",
      "Set5_Renewer"
    ]
  },
  {
    "name": "Rell",
    "championId": "TFT5_Rell",
    "cost": 4,
    "traits": [
      "Set5_Redeemed",
      "Set5_Ironclad",
      "Set5_Cavalier"
    ]
  },
  {
    "name": "Riven",
    "championId": "TFT5_Riven",
    "cost": 3,
    "traits": [
      "Set5_Dawnbringer",
      "Set5_Legionnaire"
    ]
  },
  {
    "name": "Sejuani",
    "championId": "TFT5_Sejuani",
    "cost": 2,
    "traits": [
      "Set5_Brawler",
      "Set5_Nightbringer",
      "Set5_Cavalier"
    ]
  },
  {
    "name": "Senna",
    "championId": "TFT5_Senna",
    "cost": 1,
    "traits": [
      "Set5_Sentinel",
      "Set5_Cannoneer"
    ]
  },
  {
    "name": "Sett",
    "championId": "TFT5_Sett",
    "cost": 2,
    "traits": [
      "Set5_Draconic",
      "Set5_Brawler"
    ]
  },
  {
    "name": "Soraka",
    "championId": "TFT5_Soraka",
    "cost": 2,
    "traits": [
      "Set5_Dawnbringer",
      "Set5_Renewer"
    ]
  },
  {
    "name": "Syndra",
    "championId": "TFT5_Syndra",
    "cost": 2,
    "traits": [
      "Set5_Redeemed",
      "Set5_Invoker"
    ]
  },
  {
    "name": "Teemo",
    "championId": "TFT5_Teemo",
    "cost": 5,
    "traits": [
      "Set5_Cruel",
      "Set5_Hellion",
      "Set5_Invoker"
    ]
  },
  {
    "name": "Thresh",
    "championId": "TFT5_Thresh",
    "cost": 2,
    "traits": [
      "Set5_Forgotten",
      "Set5_Knight"
    ]
  },
  {
    "name": "Tristana",
    "championId": "TFT5_Tristana",
    "cost": 2,
    "traits": [
      "Set5_Hellion",
      "Set5_Cannoneer"
    ]
  },
  {
    "name": "Udyr",
    "championId": "TFT5_Udyr",
    "cost": 1,
    "traits": [
      "Set5_Draconic",
      "Set5_Skirmisher"
    ]
  },
  {
    "name": "Varus",
    "championId": "TFT5_Varus",
    "cost": 2,
    "traits": [
      "Set5_Redeemed",
      "Set5_Ranger"
    ]
  },
  {
    "name": "Vayne",
    "championId": "TFT5_Vayne",
    "cost": 1,
    "traits": [
      "Set5_Forgotten",
      "Set5_Ranger"
    ]
  },
  {
    "name": "Vel'Koz",
    "championId": "TFT5_Velkoz",
    "cost": 4,
    "traits": [
      "Set5_Redeemed",
      "Set5_Spellweaver"
    ]
  },
  {
    "name": "Viego",
    "championId": "TFT5_Viego",
    "cost": 5,
    "traits": [
      "Set5_Forgotten",
      "Set5_Skirmisher",
      "Set5_Assassin"
    ]
  },
  {
    "name": "Vladimir",
    "championId": "TFT5_Vladimir",
    "cost": 1,
    "traits": [
      "Set5_Nightbringer",
      "Set5_Renewer"
    ]
  },
  {
    "name": "Volibear",
    "championId": "TFT5_Volibear",
    "cost": 5,
    "traits": [
      "Set5_Revenant",
      "Set5_Brawler"
    ]
  },
  {
    "name": "Yasuo",
    "championId": "TFT5_Yasuo",
    "cost": 3,
    "traits": [
      "Set5_Nightbringer",
      "Set5_Legionnaire"
    ]
  },
  {
    "name": "Ziggs",
    "championId": "TFT5_Ziggs",
    "cost": 1,
    "traits": [
      "Set5_Hellion",
      "Set5_Spellweaver"
    ]
  },
  {
    "name": "Zyra",
    "championId": "TFT5_Zyra",
    "cost": 3,
    "traits": [
      "Set5_Draconic",
      "Set5_Spellweaver"
    ]
  }
]