[
  {
    "champion": "Aatrox",
    "cost": 3,
    "traits": [
      "Light",
      "Blademaster"
    ]
  },
  {
    "champion": "Annie",
    "cost": 4,
    "traits": [
      "Inferno",
      "Summoner"
    ]
  },
  {
    "champion": "Ashe",
    "cost": 4,
    "traits": [
      "Crystal",
      "Ranger"
    ]
  },
  {
    "champion": "Azir",
    "cost": 3,
    "traits": [
      "Desert",
      "Summoner"
    ]
  },
  {
    "champion": "Brand",
    "cost": 4,
    "traits": [
      "Inferno",
      "Mage"
    ]
  },
  {
    "champion": "Braum",
    "cost": 2,
    "traits": [
      "Glacial",
      "Warden"
    ]
  },
  {
    "champion": "Diana",
    "cost": 1,
    "traits": [
      "Inferno",
      "Assassin"
    ]
  },
  {
    "champion": "DrMundo",
    "cost": 3,
    "traits": [
      "Poison",
      "Berserker"
    ]
  },
  {
    "champion": "Ezreal",
    "cost": 3,
    "traits": [
      "Glacial",
      "Ranger"
    ]
  },
  {
    "champion": "Ivern",
    "cost": 1,
    "traits": [
      "Woodland",
      "Druid"
    ]
  },
  {
    "champion": "Janna",
    "cost": 4,
    "traits": [
      "Cloud",
      "Mystic"
    ]
  },
  {
    "champion": "Jax",
    "cost": 2,
    "traits": [
      "Light",
      "Berserker"
    ]
  },
  {
    "champion": "Karma",
    "cost": 3,
    "traits": [
      "Lunar",
      "Mystic"
    ]
  },
  {
    "champion": "KhaZix",
    "cost": 4,
    "traits": [
      "Desert",
      "Assassin"
    ]
  },
  {
    "champion": "Kindred",
    "cost": 3,
    "traits": [
      "Shadow",
      "Inferno"
    ]
  },
  {
    "champion": "KogMaw",
    "cost": 1,
    "traits": [
      "Poison",
      "Predator"
    ]
  },
  {
    "champion": "LeBlanc",
    "cost": 2,
    "traits": [
      "Woodland",
      "Assassin"
    ]
  },
  {
    "champion": "Leona",
    "cost": 1,
    "traits": [
      "Lunar",
      "Warden"
    ]
  },
  {
    "champion": "Lux",
    "cost": 7,
    "traits": [
      "Crystal",
      "Electric",
      "Glacial",
      "Inferno",
      "Light",
      "Steel",
      "Ocean",
      "Shadow",
      "Cloud",
      "Woodland",
      "Avatar"
    ]
  },
  {
    "champion": "Malphite",
    "cost": 4,
    "traits": [
      "Mountain",
      "Warden"
    ]
  },
  {
    "champion": "Malzahar",
    "cost": 2,
    "traits": [
      "Shadow",
      "Summoner"
    ]
  },
  {
    "champion": "Maokai",
    "cost": 1,
    "traits": [
      "Woodland",
      "Druid"
    ]
  },
  {
    "champion": "MasterYi",
    "cost": 5,
    "traits": [
      "Shadow",
      "Mystic"
    ]
  },
  {
    "champion": "Nami",
    "cost": 5,
    "traits": [
      "Ocean",
      "Mystic"
    ]
  },
  {
    "champion": "Nasus",
    "cost": 1,
    "traits": [
      "Light",
      "Warden"
    ]
  },
  {
    "champion": "Nautilus",
    "cost": 3,
    "traits": [
      "Ocean",
      "Warden"
    ]
  },
  {
    "champion": "Neeko",
    "cost": 2,
    "traits": [
      "Woodland",
      "Druid"
    ]
  },
  {
    "champion": "Nocturne",
    "cost": 3,
    "traits": [
      "Steel",
      "Assassin"
    ]
  },
  {
    "champion": "Olaf",
    "cost": 4,
    "traits": [
      "Glacial",
      "Berserker"
    ]
  },
  {
    "champion": "Ornn",
    "cost": 1,
    "traits": [
      "Electric",
      "Warden"
    ]
  },
  {
    "champion": "Qiyana",
    "cost": 3,
    "traits": [
      "Ocean",
      "Inferno",
      "Cloud",
      "Woodland",
      "Assassin"
    ]
  },
  {
    "champion": "RekSai",
    "cost": 2,
    "traits": [
      "Steel",
      "Predator"
    ]
  },
  {
    "champion": "Renekton",
    "cost": 1,
    "traits": [
      "Desert",
      "Berserker"
    ]
  },
  {
    "champion": "Singed",
    "cost": 5,
    "traits": [
      "Poison",
      "Alchemist"
    ]
  },
  {
    "champion": "Sion",
    "cost": 3,
    "traits": [
      "Shadow",
      "Berserker"
    ]
  },
  {
    "champion": "Sivir",
    "cost": 3,
    "traits": [
      "Desert",
      "Blademaster"
    ]
  },
  {
    "champion": "Skarner",
    "cost": 2,
    "traits": [
      "Crystal",
      "Predator"
    ]
  },
  {
    "champion": "Soraka",
    "cost": 3,
    "traits": [
      "Light",
      "Mystic"
    ]
  },
  {
    "champion": "Syndra",
    "cost": 2,
    "traits": [
      "Ocean",
      "Mage"
    ]
  },
  {
    "champion": "Taliyah",
    "cost": 1,
    "traits": [
      "Mountain",
      "Mage"
    ]
  },
  {
    "champion": "Taric",
    "cost": 5,
    "traits": [
      "Crystal",
      "Warden"
    ]
  },
  {
    "champion": "Thresh",
    "cost": 2,
    "traits": [
      "Ocean",
      "Warden"
    ]
  },
  {
    "champion": "Twitch",
    "cost": 4,
    "traits": [
      "Poison",
      "Ranger"
    ]
  },
  {
    "champion": "Varus",
    "cost": 2,
    "traits": [
      "Inferno",
      "Ranger"
    ]
  },
  {
    "champion": "Vayne",
    "cost": 1,
    "traits": [
      "Light",
      "Ranger"
    ]
  },
  {
    "champion": "Veigar",
    "cost": 3,
    "traits": [
      "Shadow",
      "Mage"
    ]
  },
  {
    "champion": "Vladimir",
    "cost": 1,
    "traits": [
      "Ocean",
      "Mage"
    ]
  },
  {
    "champion": "Volibear",
    "cost": 2,
    "traits": [
      "Glacial",
      "Electric"
    ]
  },
  {
    "champion": "Warwick",
    "cost": 1,
    "traits": [
      "Glacial",
      "Predator"
    ]
  },
  {
    "champion": "Yasuo",
    "cost": 2,
    "traits": [
      "Cloud",
      "Blademaster"
    ]
  },
  {
    "champion": "Yorick",
    "cost": 4,
    "traits": [
      "Light",
      "Summoner"
    ]
  },
  {
    "champion": "Zed",
    "cost": 5,
    "traits": [
      "Electric",
      "Summoner",
      "Assassin"
    ]
  },
  {
    "champion": "Zyra",
    "cost": 1,
    "traits": [
      "Inferno",
      "Summoner"
    ]
  }
]