[
  {
    "id": 1,
    "name": "B.F. Sword"
  },
  {
    "id": 5,
    "name": "Chain Vest"
  },
  {
    "id": 7,
    "name": "Giant's Belt"
  },
  {
    "id": 3,
    "name": "Needlessly Large Rod"
  },
  {
    "id": 6,
    "name": "Negatron Cloak"
  },
  {
    "id": 2,
    "name": "Recurve Bow"
  },
  {
    "id": 8,
    "name": "Spatula"
  },
  {
    "id": 9,
    "name": "Sparring Gloves"
  },
  {
    "id": 4,
    "name": "Tear of the Goddess"
  },
  {
    "id": 89,
    "name": "Berserker Axe"
  },
  {
    "id": 28,
    "name": "Blade of the Ruined King"
  },
  {
    "id": 16,
    "name": "Bloodthirster"
  },
  {
    "id": 11,
    "name": "Deathblade"
  },
  {
    "id": 66,
    "name": "Dragon's Claw"
  },
  {
    "id": 88,
    "name": "Force of Nature"
  },
  {
    "id": 45,
    "name": "Frozen Heart"
  },
  {
    "id": 78,
    "name": "Frozen Mallet"
  },
  {
    "id": 12,
    "name": "Giant Slayer"
  },
  {
    "id": 15,
    "name": "Guardian Angel"
  },
  {
    "id": 23,
    "name": "Guinsoo's Rageblade"
  },
  {
    "id": 49,
    "name": "Hand of Justice"
  },
  {
    "id": 13,
    "name": "Hextech Gunblade"
  },
  {
    "id": 46,
    "name": "Hush"
  },
  {
    "id": 59,
    "name": "Iceborne Gauntlet"
  },
  {
    "id": 38,
    "name": "Inferno Cinder"
  },
  {
    "id": 19,
    "name": "Infinity Edge"
  },
  {
    "id": 36,
    "name": "Ionic Spark"
  },
  {
    "id": 39,
    "name": "Jeweled Guantlet"
  },
  {
    "id": 35,
    "name": "Locked of the Iron Solari"
  },
  {
    "id": 34,
    "name": "Luden's Echo"
  },
  {
    "id": 48,
    "name": "Mage's Cap"
  },
  {
    "id": 37,
    "name": "Morellonomicon"
  },
  {
    "id": 25,
    "name": "Phantom Dancer"
  },
  {
    "id": 69,
    "name": "Quicksilver"
  },
  {
    "id": 33,
    "name": "Rabadon's Deathcap"
  },
  {
    "id": 22,
    "name": "Rapid Firecannon"
  },
  {
    "id": 57,
    "name": "Red Buff"
  },
  {
    "id": 47,
    "name": "Redemption"
  },
  {
    "id": 29,
    "name": "Repeating Crossbow"
  },
  {
    "id": 26,
    "name": "Runaan's Hurricane"
  },
  {
    "id": 44,
    "name": "Seraph's Embrace"
  },
  {
    "id": 14,
    "name": "Spear of Shojin"
  },
  {
    "id": 24,
    "name": "Statikk Shiv"
  },
  {
    "id": 56,
    "name": "Sword Breaker"
  },
  {
    "id": 68,
    "name": "Talisman of Light"
  },
  {
    "id": 99,
    "name": "Thief's Gloves"
  },
  {
    "id": 55,
    "name": "Thornmail"
  },
  {
    "id": 27,
    "name": "Titanic Hydra"
  },
  {
    "id": 79,
    "name": "Trap Claw"
  },
  {
    "id": 58,
    "name": "Warden's Mail"
  },
  {
    "id": 77,
    "name": "Warmog's Armor"
  },
  {
    "id": 18,
    "name": "Youmuu's Ghostblade"
  },
  {
    "id": 17,
    "name": "Zeke's Herald"
  },
  {
    "id": 67,
    "name": "Zephyr"
  },
  {
    "id": 10201,
    "name": "Inferno Hex"
  },
  {
    "id": 10202,
    "name": "Mountain Hex"
  },
  {
    "id": 10203,
    "name": "Ocean Hex"
  },
  {
    "id": 10204,
    "name": "Cloud Hex"
  }
]